Central-RH-f.png	4	5
Disrupted-1-f.png	15	16
EmergencySupply-1-f.png	17	18
GameTurn-f.png	19	20
GE-10S-101Jaeg-f.png	21	22
GE-11S-79-f.png	23	24
GE-12N-20Pzg-f.png	25	27
GE-13W-389-f.png	28	29
GE-14N-123_293-f.png	30	31
GE-14W-24Pz-f.png	32	34
GE-15S-97Jaeg-f.png	35	36
GE-17S-14Pz-f.png	37	39
GE-19W-2Para-f.png	41	42
GE-1P-5W-f.png	44	46
GE-1Pz-15-f.png	47	48
GE-1Pz-17Pz-f.png	49	51
GE-1Pz-198-f.png	52	53
GE-1Pz-257-f.png	54	55
GE-1Pz-328-f.png	56	57
GE-1Pz-333-f.png	58	59
GE-1Pz-38_62-f.png	60	61
GE-1Pz-387-f.png	62	63
GE-1Pz-3Pz-f.png	64	66
GE-1Pz-46-f.png	67	68
GE-20W-25Pz-f.png	69	71
GE-21W-1LAH-f.png	72	74
GE-2A-327-f.png	75	76
GE-2A-340-f.png	77	78
GE-2A-68-f.png	79	80
GE-2A-75-f.png	81	82
GE-2A-88-f.png	83	84
GE-2N-34-f.png	85	86
GE-3N-GD-f.png	87	88
GE-4N-4Pz_9Pz-f.png	89	91
GE-4N-82-f.png	92	93
GE-4Pz-11Pz-f.png	94	96
GE-4Pz-167-f.png	97	98
GE-4Pz-19Pz-f.png	99	101
GE-4Pz-255-f.png	102	103
GE-4Pz-332-f.png	104	105
GE-4Pz-57-f.png	106	107
GE-4Pz-7Pz-f.png	108	110
GE-5N-10Pzg-f.png	111	113
GE-5N-183_208-f.png	114	115
GE-6A-111-f.png	116	117
GE-6A-16Pzg-f.png	118	120
GE-6A-17-f.png	121	122
GE-6A-23Pz-f.png	123	125
GE-6A-294_335-f.png	126	127
GE-6A-2DR-f.png	128	130
GE-6A-302-f.png	131	132
GE-6A-304_306-f.png	133	134
GE-6A-336-f.png	135	136
GE-6A-3Mo-f.png	137	138
GE-6A-3T-f.png	139	141
GE-6N-112_251-f.png	142	143
GE-6W-8Cav-f.png	144	145
GE-7S-13Pz-f.png	146	148
GE-8A-106-f.png	149	150
GE-8A-161-f.png	151	152
GE-8A-168-f.png	153	154
GE-8A-282-f.png	155	156
GE-8A-320-f.png	157	158
GE-8A-39-f.png	159	160
GE-8A-6Pz-f.png	161	163
GE-8N-8Pz-f.png	164	166
GE-8S-125-f.png	167	168
GE-Air1-f.png	169	170
GE-Air2-f.png	171	172
GE-Fort-1-f.png	178	179
GE-Leader-Manstein-f.png	184	185
HUN-2A-1H-f.png	190	191
OutOfSupply-1-f.png	193	194
RiverAssault-1-f.png	198	199
RO-18S-4R-f.png	200	201
RO-9Odessa-24R-f.png	202	203
SLO-16S-1Slov-f.png	204	205
South1-RH-f.png	206	207
South2-RH-f.png	208	209
SOV-10-19Tank-f.png	210	211
SOV-10-20Tank-f.png	212	213
SOV-11-6GdsTank-f.png	215	216
SOV-11-7GdsTank-f.png	217	218
SOV-11-7Mech-f.png	219	221
SOV-12-108_109Gds-f.png	222	223
SOV-13-6_70Gds-f.png	224	225
SOV-16-9Mech-f.png	226	228
SOV-2-136_254-f.png	229	230
SOV-3-294_295-f.png	231	232
SOV-4-3GdsTank-f.png	233	234
SOV-4-5A_7AGds-f.png	235	236
SOV-4-8A_80Gds-f.png	237	238
SOV-5-11Tank-f.png	239	240
SOV-6-373_417-f.png	241	242
SOV-7-301_328-f.png	243	244
SOV-8-216_257-f.png	245	246
SOV-9-5GdsCav-f.png	247	248
SOV-Air1-f.png	252	253
SOV-Air2-f.png	254	255
SovControl-1-f.png	256	257
SOV-E-266_279-f.png	260	261
SOV-E-68_69Gds-f.png	263	264
SOV-Fort-1-f.png	266	267
SOV-Ku-K-3GdsArty-f.png	269	270
SOV-Leader-Zhukov-f.png	271	272
SOV-S-118_127-f.png	273	274
SOV-S-126_221-f.png	275	276
SOV-S-130_151-f.png	277	278
SOV-S-24_33Gds-f.png	279	280
SOV-S-248_416-f.png	281	282
SOV-S-2GdsMech-f.png	283	285
SOV-S-315_271-f.png	286	287
SOV-S-347_387-f.png	289	290
SOV-S-3Arty-f.png	291	292
SOV-S-40_96Gds-f.png	293	294
SOV-S-4_34Gds-f.png	295	296
SOV-S-49_87Gds-f.png	298	299
SOV-S-4GdsCav-f.png	300	301
SOV-S-4GdsMech-f.png	302	304
SOV-S-50_54Gds-f.png	305	306
SOV-S-78_116-f.png	308	309
SOV-S-86_3Gds-f.png	310	311
SOV-S-91_87-f.png	312	313
SOV-S-99_346-f.png	314	315
SOV-St-107_183-f.png	317	318
SOV-St-111_213-f.png	319	320
SOV-St-15_28Gds-f.png	321	322
SOV-St-16Arty-f.png	323	324
SOV-St-1Mech-f.png	325	327
SOV-St-214_233-f.png	329	330
SOV-St-252_299-f.png	331	332
SOV-St-305_375-f.png	333	334
SOV-St-36_72Gds-f.png	335	336
SOV-St-73_89Gds-f.png	337	338
SOV-St-80_81Gds-f.png	339	340
SOV-St-84_116-f.png	341	342
SOV-SW-14_35Gds-f.png	345	346
SOV-SW-152_263-f.png	347	348
SOV-SW-172_333-f.png	349	350
SOV-SW-195_259-f.png	351	352
SOV-SW-1GdsMech-f.png	353	355
SOV-SW-20_38Gds-f.png	356	357
SOV-SW-23Tank-f.png	358	359
SOV-SW-24_203-f.png	360	361
SOV-SW-243_279-f.png	362	363
SOV-SW-244_350-f.png	364	365
SOV-SW-267_288-f.png	366	367
SOV-SW-41_47Gds-f.png	368	369
SOV-SW-44_57Gds-f.png	370	371
SOV-SW-50_78-f.png	372	373
SOV-SW-58_59Gds-f.png	374	375
SOV-SW-60_61Gds-f.png	377	378
SOV-SW-78_79Gds-f.png	379	380
SOV-SW-7_9_11Arty-f.png	381	382
SOV-SW-IGdsCav-f.png	383	384
SOV-V-100_161-f.png	387	388
SOV-V-10Tank-f.png	389	390
SOV-V-13_9AGds-f.png	391	392
SOV-V-13Arty-f.png	393	394
SOV-V-147_155-f.png	395	396
SOV-V-163_166-f.png	397	398
SOV-V-167_232-f.png	399	400
SOV-V-17Arty-f.png	401	402
SOV-V-180_240-f.png	403	404
SOV-V-18Tank-f.png	405	406
SOV-V-206_237-f.png	408	409
SOV-V-218_337-f.png	410	411
SOV-V-23_29-f.png	412	413
SOV-V-241_340-f.png	414	415
SOV-V-29Tank-f.png	416	417
SOV-V-2Tank-f.png	418	419
SOV-V-30_38-f.png	420	421
SOV-V-31Tank-f.png	422	423
SOV-V-3GdsMArty-f.png	424	425
SOV-V-3GdsMech-f.png	426	428
SOV-V-3Mech-f.png	429	431
SOV-V-42_71Gds-f.png	432	433
SOV-V-4GdsTank-f.png	434	435
SOV-V-51_52Gds-f.png	436	437
SOV-V-5GdsMech-f.png	438	440
SOV-V-5GdsTank-f.png	441	443
SOV-V-66_67Gds-f.png	445	446
SOV-V-6Tank-f.png	447	448
SOV-V-71_375-f.png	449	450
SOV-V-90_47Gds-f.png	453	454
SOV-V-95_97Gds-f.png	455	456
SOV-V-K-1GdsArty-f.png	458	459
SOV-V-K-2GdsArty-f.png	460	461
SoWest-RH-f.png	466	467
Steppe-RH-f.png	468	469
Voronezh-RH-f.png	480	481
VPs_x10-f.png	482	483
VPs_x1-f.png	484	485
